name,surname,email,age,country
John,Doe,jdoe@domain.cz,45,CZ
Jane,Doe,jane@domain.cz,62,US
Oliver,Newton,onewton@domain.cz,31,SK
Sophia,Smith,ssmith@domain.cz,55,CZ
Ethan,Johnson,ejohnson@domain.cz,27,US
Emma,Williams,ewilliams@domain.cz,48,SK
Liam,Brown,lbrown@domain.cz,41,CZ
Olivia,Jones,ojones@domain.cz,69,US
Noah,Miller,nmiller@domain.cz,37,SK
Ava,Davis,adavis@domain.cz,50,CZ
William,Garcia,wgarcia@domain.cz,23,US
Isabella,Rodriguez,irodriguez@domain.cz,76,SK
James,Martinez,jmartinez@domain.cz,29,CZ
Sophia,Hernandez,shernandez@domain.cz,42,US
Benjamin,Lopez,blopez@domain.cz,64,SK
Alexander,Gonzalez,agonzalez@domain.cz,34,CZ